{
  "requirements": [
    {
      "bonus": false,
      "description": "1 - Implemente o módulo de acesso à api do Mercado Livre",
      "enabled": true,
      "identifier": null,
      "order": 1,
      "skill_ids": []
    },
    {
      "bonus": false,
      "description": "2 - Crie uma página de listagem de produtos vazia",
      "enabled": true,
      "identifier": null,
      "order": 2,
      "skill_ids": []
    },
    {
      "bonus": false,
      "description": "3 - Crie a página do carrinho de compras",
      "enabled": true,
      "identifier": null,
      "order": 3,
      "skill_ids": []
    },
    {
      "bonus": false,
      "description": "4 - Liste as categorias de produtos disponíveis via API na página principal",
      "enabled": true,
      "identifier": null,
      "order": 4,
      "skill_ids": []
    },
    {
      "bonus": false,
      "description": "5 - Liste os produtos buscados por termos, com os dados resumidos, associados a esses termos",
      "enabled": true,
      "identifier": null,
      "order": 5,
      "skill_ids": []
    },
    {
      "bonus": false,
      "description": "6 - Selecione uma categoria e mostre somente os produtos daquela categoria",
      "enabled": true,
      "identifier": null,
      "order": 6,
      "skill_ids": []
    },
    {
      "bonus": false,
      "description": "7 - Redirecione para uma tela com a exibição detalhada ao clicar na exibição resumida de um produto",
      "enabled": true,
      "identifier": null,
      "order": 7,
      "skill_ids": []
    },
    {
      "bonus": false,
      "description": "8 - Adicione produtos a partir da tela de listagem de produtos",
      "enabled": true,
      "identifier": null,
      "order": 8,
      "skill_ids": []
    },
    {
      "bonus": false,
      "description": "9 - Adicione um produto ao carrinho a partir de sua tela de exibição detalhada",
      "enabled": true,
      "identifier": null,
      "order": 9,
      "skill_ids": []
    },
    {
      "bonus": false,
      "description": "10 - Visualize a lista de produtos adicionados ao carrinho em sua página e permita a manipulação da sua quantidade",
      "enabled": true,
      "identifier": null,
      "order": 10,
      "skill_ids": []
    },
    {
      "bonus": false,
      "description": "11 - Avalie e comente acerca de um produto em sua tela de exibição detalhada",
      "enabled": true,
      "identifier": null,
      "order": 11,
      "skill_ids": []
    },
    {
      "bonus": false,
      "description": "12 - Finalize a compra vendo um resumo dela, preenchendo os seus dados e escolhendo a forma de pagamento",
      "enabled": true,
      "identifier": null,
      "order": 12,
      "skill_ids": []
    },
    {
      "bonus": true,
      "description": "13 - Mostre junto ao ícone do carrinho a quantidade de produtos dentro dele, em todas as telas em que ele aparece",
      "enabled": true,
      "identifier": null,
      "order": 13,
      "skill_ids": []
    },
    {
      "bonus": true,
      "description": "14 - Limite a quantidade de produtos adicionados ao carrinho pela quantidade disponível em estoque",
      "enabled": true,
      "identifier": null,
      "order": 14,
      "skill_ids": []
    },
    {
      "bonus": true,
      "description": "15 - Mostre quais produtos tem o frete grátis",
      "enabled": true,
      "identifier": null,
      "order": 15,
      "skill_ids": []
    }
  ]
}